[
    {
        "idIngreso": 3,
        "numero": 3,
        "codSucursal": 1,
        "tipOperacion": 3,
        "codMes": 3,
        "codFuente": 3,
        "codPartida": "dd",
        "nombPartida": "dd",
        "horEmision": "00:00:00",
        "fecEmision": "2019-03-14T05:00:00.000Z",
        "fecVencimiento": "2019-03-23T05:00:00.000Z",
        "tipoComprobante": 3,
        "numSerieComprobante": 3,
        "numComprobante": 3,
        "tipoComprobanteReferencia": 3,
        "numSerieReferencia": 3,
        "numReferencia": 3,
        "fechaReferencia": "2019-03-13T05:00:00.000Z",
        "valorFacturadoExportacion": 3,
        "detalleIngreso": "dd",
        "tipMoneda": "dd",
        "aCreditoDias": 33,
        "tipoAfecto": "ddd",
        "idCliente": 1
    },
    {
        "idIngreso": 4,
        "numero": 2,
        "codSucursal": 1,
        "tipOperacion": 2,
        "codMes": 2,
        "codFuente": 2,
        "codPartida": "d",
        "nombPartida": "d",
        "horEmision": "06:17:22",
        "fecEmision": "2019-03-13T05:00:00.000Z",
        "fecVencimiento": "2019-03-20T05:00:00.000Z",
        "tipoComprobante": 2,
        "numSerieComprobante": 2,
        "numComprobante": 2,
        "tipoComprobanteReferencia": 2,
        "numSerieReferencia": 2,
        "numReferencia": 2,
        "fechaReferencia": "2019-03-05T05:00:00.000Z",
        "valorFacturadoExportacion": 2,
        "detalleIngreso": "ddfdf",
        "tipMoneda": "f",
        "aCreditoDias": 22,
        "tipoAfecto": "ddd",
        "idCliente": 1
    },
    {
        "idIngreso": 5,
        "numero": 3,
        "codSucursal": 1,
        "tipOperacion": 3,
        "codMes": 3,
        "codFuente": 3,
        "codPartida": "dd",
        "nombPartida": "dd",
        "horEmision": "00:00:00",
        "fecEmision": "2019-03-14T05:00:00.000Z",
        "fecVencimiento": "2019-03-23T05:00:00.000Z",
        "tipoComprobante": 3,
        "numSerieComprobante": 3,
        "numComprobante": 3,
        "tipoComprobanteReferencia": 3,
        "numSerieReferencia": 3,
        "numReferencia": 3,
        "fechaReferencia": "2019-03-13T05:00:00.000Z",
        "valorFacturadoExportacion": 3,
        "detalleIngreso": "dd",
        "tipMoneda": "dd",
        "aCreditoDias": 33,
        "tipoAfecto": "ddd",
        "idCliente": 1
    },
    {
        "idIngreso": 6,
        "numero": 3,
        "codSucursal": 1,
        "tipOperacion": 3,
        "codMes": 3,
        "codFuente": 3,
        "codPartida": "dd",
        "nombPartida": "dd",
        "horEmision": "00:00:00",
        "fecEmision": "2019-03-14T05:00:00.000Z",
        "fecVencimiento": "2019-03-23T05:00:00.000Z",
        "tipoComprobante": 3,
        "numSerieComprobante": 3,
        "numComprobante": 3,
        "tipoComprobanteReferencia": 3,
        "numSerieReferencia": 3,
        "numReferencia": 3,
        "fechaReferencia": "2019-03-13T05:00:00.000Z",
        "valorFacturadoExportacion": 3,
        "detalleIngreso": "dd",
        "tipMoneda": "dd",
        "aCreditoDias": 33,
        "tipoAfecto": "ddd",
        "idCliente": 1
    },
    {
        "idIngreso": 7,
        "numero": 3,
        "codSucursal": 1,
        "tipOperacion": 3,
        "codMes": 3,
        "codFuente": 3,
        "codPartida": "dd",
        "nombPartida": "dd",
        "horEmision": "00:00:00",
        "fecEmision": "2019-03-14T05:00:00.000Z",
        "fecVencimiento": "2019-03-23T05:00:00.000Z",
        "tipoComprobante": 3,
        "numSerieComprobante": 3,
        "numComprobante": 3,
        "tipoComprobanteReferencia": 3,
        "numSerieReferencia": 3,
        "numReferencia": 3,
        "fechaReferencia": "2019-03-13T05:00:00.000Z",
        "valorFacturadoExportacion": 3,
        "detalleIngreso": "dd",
        "tipMoneda": "dd",
        "aCreditoDias": 33,
        "tipoAfecto": "ddd",
        "idCliente": 1
    },
    {
        "idIngreso": 8,
        "numero": 3,
        "codSucursal": 1,
        "tipOperacion": 3,
        "codMes": 3,
        "codFuente": 3,
        "codPartida": "dd",
        "nombPartida": "dd",
        "horEmision": "00:00:00",
        "fecEmision": "2019-03-14T05:00:00.000Z",
        "fecVencimiento": "2019-03-23T05:00:00.000Z",
        "tipoComprobante": 3,
        "numSerieComprobante": 3,
        "numComprobante": 3,
        "tipoComprobanteReferencia": 3,
        "numSerieReferencia": 3,
        "numReferencia": 3,
        "fechaReferencia": "2019-03-13T05:00:00.000Z",
        "valorFacturadoExportacion": 3,
        "detalleIngreso": "dd",
        "tipMoneda": "dd",
        "aCreditoDias": 33,
        "tipoAfecto": "ddd",
        "idCliente": 1
    },
    {
        "idIngreso": 20,
        "numero": 3,
        "codSucursal": 1,
        "tipOperacion": 3,
        "codMes": 3,
        "codFuente": 3,
        "codPartida": "dd",
        "nombPartida": "dd",
        "horEmision": "00:00:00",
        "fecEmision": "2019-03-14T05:00:00.000Z",
        "fecVencimiento": "2019-03-23T05:00:00.000Z",
        "tipoComprobante": 3,
        "numSerieComprobante": 3,
        "numComprobante": 3,
        "tipoComprobanteReferencia": 3,
        "numSerieReferencia": 3,
        "numReferencia": 3,
        "fechaReferencia": "2019-03-13T05:00:00.000Z",
        "valorFacturadoExportacion": 3,
        "detalleIngreso": "dd",
        "tipMoneda": "dd",
        "aCreditoDias": 33,
        "tipoAfecto": "ddd",
        "idCliente": 1
    },
    {
        "idIngreso": 21,
        "numero": 3,
        "codSucursal": 1,
        "tipOperacion": 3,
        "codMes": 3,
        "codFuente": 3,
        "codPartida": "dd",
        "nombPartida": "dd",
        "horEmision": "00:00:00",
        "fecEmision": "2019-03-14T05:00:00.000Z",
        "fecVencimiento": "2019-03-23T05:00:00.000Z",
        "tipoComprobante": 3,
        "numSerieComprobante": 3,
        "numComprobante": 3,
        "tipoComprobanteReferencia": 3,
        "numSerieReferencia": 3,
        "numReferencia": 3,
        "fechaReferencia": "2019-03-13T05:00:00.000Z",
        "valorFacturadoExportacion": 3,
        "detalleIngreso": "dd",
        "tipMoneda": "dd",
        "aCreditoDias": 33,
        "tipoAfecto": "ddd",
        "idCliente": 1
    },
    {
        "idIngreso": 22,
        "numero": 3,
        "codSucursal": 1,
        "tipOperacion": 3,
        "codMes": 3,
        "codFuente": 3,
        "codPartida": "dd",
        "nombPartida": "dd",
        "horEmision": "00:00:00",
        "fecEmision": "2019-03-14T05:00:00.000Z",
        "fecVencimiento": "2019-03-23T05:00:00.000Z",
        "tipoComprobante": 3,
        "numSerieComprobante": 3,
        "numComprobante": 3,
        "tipoComprobanteReferencia": 3,
        "numSerieReferencia": 3,
        "numReferencia": 3,
        "fechaReferencia": "2019-03-13T05:00:00.000Z",
        "valorFacturadoExportacion": 3,
        "detalleIngreso": "dd",
        "tipMoneda": "dd",
        "aCreditoDias": 33,
        "tipoAfecto": "ddd",
        "idCliente": 1
    },
    {
        "idIngreso": 23,
        "numero": 3,
        "codSucursal": 1,
        "tipOperacion": 3,
        "codMes": 3,
        "codFuente": 3,
        "codPartida": "dd",
        "nombPartida": "dd",
        "horEmision": "00:00:00",
        "fecEmision": "2019-03-14T05:00:00.000Z",
        "fecVencimiento": "2019-03-23T05:00:00.000Z",
        "tipoComprobante": 3,
        "numSerieComprobante": 3,
        "numComprobante": 3,
        "tipoComprobanteReferencia": 3,
        "numSerieReferencia": 3,
        "numReferencia": 3,
        "fechaReferencia": "2019-03-13T05:00:00.000Z",
        "valorFacturadoExportacion": 3,
        "detalleIngreso": "dd",
        "tipMoneda": "dd",
        "aCreditoDias": 33,
        "tipoAfecto": "ddd",
        "idCliente": 1
    },
    {
        "idIngreso": 24,
        "numero": 3,
        "codSucursal": 1,
        "tipOperacion": 3,
        "codMes": 3,
        "codFuente": 3,
        "codPartida": "dd",
        "nombPartida": "dd",
        "horEmision": "00:00:00",
        "fecEmision": "2019-03-14T05:00:00.000Z",
        "fecVencimiento": "2019-03-23T05:00:00.000Z",
        "tipoComprobante": 3,
        "numSerieComprobante": 3,
        "numComprobante": 3,
        "tipoComprobanteReferencia": 3,
        "numSerieReferencia": 3,
        "numReferencia": 3,
        "fechaReferencia": "2019-03-13T05:00:00.000Z",
        "valorFacturadoExportacion": 3,
        "detalleIngreso": "dd",
        "tipMoneda": "dd",
        "aCreditoDias": 33,
        "tipoAfecto": "ddd",
        "idCliente": 1
    },
    {
        "idIngreso": 25,
        "numero": 3,
        "codSucursal": 1,
        "tipOperacion": 3,
        "codMes": 3,
        "codFuente": 3,
        "codPartida": "dd",
        "nombPartida": "dd",
        "horEmision": "00:00:00",
        "fecEmision": "2019-03-14T05:00:00.000Z",
        "fecVencimiento": "2019-03-23T05:00:00.000Z",
        "tipoComprobante": 3,
        "numSerieComprobante": 3,
        "numComprobante": 3,
        "tipoComprobanteReferencia": 3,
        "numSerieReferencia": 3,
        "numReferencia": 3,
        "fechaReferencia": "2019-03-13T05:00:00.000Z",
        "valorFacturadoExportacion": 3,
        "detalleIngreso": "dd",
        "tipMoneda": "dd",
        "aCreditoDias": 33,
        "tipoAfecto": "ddd",
        "idCliente": 1
    },
    {
        "idIngreso": 26,
        "numero": 3,
        "codSucursal": 1,
        "tipOperacion": 3,
        "codMes": 3,
        "codFuente": 3,
        "codPartida": "dd",
        "nombPartida": "dd",
        "horEmision": "00:00:00",
        "fecEmision": "2019-03-14T05:00:00.000Z",
        "fecVencimiento": "2019-03-23T05:00:00.000Z",
        "tipoComprobante": 3,
        "numSerieComprobante": 3,
        "numComprobante": 3,
        "tipoComprobanteReferencia": 3,
        "numSerieReferencia": 3,
        "numReferencia": 3,
        "fechaReferencia": "2019-03-13T05:00:00.000Z",
        "valorFacturadoExportacion": 3,
        "detalleIngreso": "dd",
        "tipMoneda": "dd",
        "aCreditoDias": 33,
        "tipoAfecto": "ddd",
        "idCliente": 1
    },
    {
        "idIngreso": 27,
        "numero": 3,
        "codSucursal": 1,
        "tipOperacion": 3,
        "codMes": 3,
        "codFuente": 3,
        "codPartida": "dd",
        "nombPartida": "dd",
        "horEmision": "00:00:00",
        "fecEmision": "2019-03-14T05:00:00.000Z",
        "fecVencimiento": "2019-03-23T05:00:00.000Z",
        "tipoComprobante": 3,
        "numSerieComprobante": 3,
        "numComprobante": 3,
        "tipoComprobanteReferencia": 3,
        "numSerieReferencia": 3,
        "numReferencia": 3,
        "fechaReferencia": "2019-03-13T05:00:00.000Z",
        "valorFacturadoExportacion": 3,
        "detalleIngreso": "dd",
        "tipMoneda": "dd",
        "aCreditoDias": 33,
        "tipoAfecto": "ddd",
        "idCliente": 1
    },
    {
        "idIngreso": 28,
        "numero": 3,
        "codSucursal": 1,
        "tipOperacion": 3,
        "codMes": 3,
        "codFuente": 3,
        "codPartida": "dd",
        "nombPartida": "dd",
        "horEmision": "00:00:00",
        "fecEmision": "2019-03-14T05:00:00.000Z",
        "fecVencimiento": "2019-03-23T05:00:00.000Z",
        "tipoComprobante": 3,
        "numSerieComprobante": 3,
        "numComprobante": 3,
        "tipoComprobanteReferencia": 3,
        "numSerieReferencia": 3,
        "numReferencia": 3,
        "fechaReferencia": "2019-03-13T05:00:00.000Z",
        "valorFacturadoExportacion": 3,
        "detalleIngreso": "dd",
        "tipMoneda": "dd",
        "aCreditoDias": 33,
        "tipoAfecto": "ddd",
        "idCliente": 1
    },
    {
        "idIngreso": 29,
        "numero": 3,
        "codSucursal": 1,
        "tipOperacion": 3,
        "codMes": 3,
        "codFuente": 3,
        "codPartida": "dd",
        "nombPartida": "dd",
        "horEmision": "00:00:00",
        "fecEmision": "2019-03-14T05:00:00.000Z",
        "fecVencimiento": "2019-03-23T05:00:00.000Z",
        "tipoComprobante": 3,
        "numSerieComprobante": 3,
        "numComprobante": 3,
        "tipoComprobanteReferencia": 3,
        "numSerieReferencia": 3,
        "numReferencia": 3,
        "fechaReferencia": "2019-03-13T05:00:00.000Z",
        "valorFacturadoExportacion": 3,
        "detalleIngreso": "dd",
        "tipMoneda": "dd",
        "aCreditoDias": 33,
        "tipoAfecto": "ddd",
        "idCliente": 1
    },
    {
        "idIngreso": 30,
        "numero": 3,
        "codSucursal": 1,
        "tipOperacion": 3,
        "codMes": 3,
        "codFuente": 3,
        "codPartida": "dd",
        "nombPartida": "dd",
        "horEmision": "00:00:00",
        "fecEmision": "2019-03-14T05:00:00.000Z",
        "fecVencimiento": "2019-03-23T05:00:00.000Z",
        "tipoComprobante": 3,
        "numSerieComprobante": 3,
        "numComprobante": 3,
        "tipoComprobanteReferencia": 3,
        "numSerieReferencia": 3,
        "numReferencia": 3,
        "fechaReferencia": "2019-03-13T05:00:00.000Z",
        "valorFacturadoExportacion": 3,
        "detalleIngreso": "dd",
        "tipMoneda": "dd",
        "aCreditoDias": 33,
        "tipoAfecto": "ddd",
        "idCliente": 1
    },
    {
        "idIngreso": 31,
        "numero": 3,
        "codSucursal": 1,
        "tipOperacion": 3,
        "codMes": 3,
        "codFuente": 3,
        "codPartida": "dd",
        "nombPartida": "dd",
        "horEmision": "00:00:00",
        "fecEmision": "2019-03-14T05:00:00.000Z",
        "fecVencimiento": "2019-03-23T05:00:00.000Z",
        "tipoComprobante": 3,
        "numSerieComprobante": 3,
        "numComprobante": 3,
        "tipoComprobanteReferencia": 3,
        "numSerieReferencia": 3,
        "numReferencia": 3,
        "fechaReferencia": "2019-03-13T05:00:00.000Z",
        "valorFacturadoExportacion": 3,
        "detalleIngreso": "dd",
        "tipMoneda": "dd",
        "aCreditoDias": 33,
        "tipoAfecto": "ddd",
        "idCliente": 1
    },
    {
        "idIngreso": 32,
        "numero": 3,
        "codSucursal": 1,
        "tipOperacion": 3,
        "codMes": 3,
        "codFuente": 3,
        "codPartida": "dd",
        "nombPartida": "dd",
        "horEmision": "00:00:00",
        "fecEmision": "2019-03-14T05:00:00.000Z",
        "fecVencimiento": "2019-03-23T05:00:00.000Z",
        "tipoComprobante": 3,
        "numSerieComprobante": 3,
        "numComprobante": 3,
        "tipoComprobanteReferencia": 3,
        "numSerieReferencia": 3,
        "numReferencia": 3,
        "fechaReferencia": "2019-03-13T05:00:00.000Z",
        "valorFacturadoExportacion": 3,
        "detalleIngreso": "dd",
        "tipMoneda": "dd",
        "aCreditoDias": 33,
        "tipoAfecto": "ddd",
        "idCliente": 1
    },
    {
        "idIngreso": 33,
        "numero": 3,
        "codSucursal": 1,
        "tipOperacion": 3,
        "codMes": 3,
        "codFuente": 3,
        "codPartida": "dd",
        "nombPartida": "dd",
        "horEmision": "00:00:00",
        "fecEmision": "2019-03-14T05:00:00.000Z",
        "fecVencimiento": "2019-03-23T05:00:00.000Z",
        "tipoComprobante": 3,
        "numSerieComprobante": 3,
        "numComprobante": 3,
        "tipoComprobanteReferencia": 3,
        "numSerieReferencia": 3,
        "numReferencia": 3,
        "fechaReferencia": "2019-03-13T05:00:00.000Z",
        "valorFacturadoExportacion": 3,
        "detalleIngreso": "dd",
        "tipMoneda": "dd",
        "aCreditoDias": 33,
        "tipoAfecto": "ddd",
        "idCliente": 1
    },
    {
        "idIngreso": 34,
        "numero": 3,
        "codSucursal": 1,
        "tipOperacion": 3,
        "codMes": 3,
        "codFuente": 3,
        "codPartida": "dd",
        "nombPartida": "dd",
        "horEmision": "00:00:00",
        "fecEmision": "2019-03-14T05:00:00.000Z",
        "fecVencimiento": "2019-03-23T05:00:00.000Z",
        "tipoComprobante": 3,
        "numSerieComprobante": 3,
        "numComprobante": 3,
        "tipoComprobanteReferencia": 3,
        "numSerieReferencia": 3,
        "numReferencia": 3,
        "fechaReferencia": "2019-03-13T05:00:00.000Z",
        "valorFacturadoExportacion": 3,
        "detalleIngreso": "dd",
        "tipMoneda": "dd",
        "aCreditoDias": 33,
        "tipoAfecto": "ddd",
        "idCliente": 1
    },
    {
        "idIngreso": 35,
        "numero": 3,
        "codSucursal": 1,
        "tipOperacion": 3,
        "codMes": 3,
        "codFuente": 3,
        "codPartida": "dd",
        "nombPartida": "dd",
        "horEmision": "00:00:00",
        "fecEmision": "2019-03-14T05:00:00.000Z",
        "fecVencimiento": "2019-03-23T05:00:00.000Z",
        "tipoComprobante": 3,
        "numSerieComprobante": 3,
        "numComprobante": 3,
        "tipoComprobanteReferencia": 3,
        "numSerieReferencia": 3,
        "numReferencia": 3,
        "fechaReferencia": "2019-03-13T05:00:00.000Z",
        "valorFacturadoExportacion": 3,
        "detalleIngreso": "dd",
        "tipMoneda": "dd",
        "aCreditoDias": 33,
        "tipoAfecto": "ddd",
        "idCliente": 1
    },
    {
        "idIngreso": 36,
        "numero": 3,
        "codSucursal": 1,
        "tipOperacion": 3,
        "codMes": 3,
        "codFuente": 3,
        "codPartida": "dd",
        "nombPartida": "dd",
        "horEmision": "00:00:00",
        "fecEmision": "2019-03-14T05:00:00.000Z",
        "fecVencimiento": "2019-03-23T05:00:00.000Z",
        "tipoComprobante": 3,
        "numSerieComprobante": 3,
        "numComprobante": 3,
        "tipoComprobanteReferencia": 3,
        "numSerieReferencia": 3,
        "numReferencia": 3,
        "fechaReferencia": "2019-03-13T05:00:00.000Z",
        "valorFacturadoExportacion": 3,
        "detalleIngreso": "dd",
        "tipMoneda": "dd",
        "aCreditoDias": 33,
        "tipoAfecto": "ddd",
        "idCliente": 1
    },
    {
        "idIngreso": 37,
        "numero": 3,
        "codSucursal": 1,
        "tipOperacion": 3,
        "codMes": 3,
        "codFuente": 3,
        "codPartida": "dd",
        "nombPartida": "dd",
        "horEmision": "00:00:00",
        "fecEmision": "2019-03-14T05:00:00.000Z",
        "fecVencimiento": "2019-03-23T05:00:00.000Z",
        "tipoComprobante": 3,
        "numSerieComprobante": 3,
        "numComprobante": 3,
        "tipoComprobanteReferencia": 3,
        "numSerieReferencia": 3,
        "numReferencia": 3,
        "fechaReferencia": "2019-03-13T05:00:00.000Z",
        "valorFacturadoExportacion": 3,
        "detalleIngreso": "dd",
        "tipMoneda": "dd",
        "aCreditoDias": 33,
        "tipoAfecto": "ddd",
        "idCliente": 1
    },
    {
        "idIngreso": 38,
        "numero": 3,
        "codSucursal": 1,
        "tipOperacion": 3,
        "codMes": 3,
        "codFuente": 3,
        "codPartida": "dd",
        "nombPartida": "dd",
        "horEmision": "00:00:00",
        "fecEmision": "2019-03-14T05:00:00.000Z",
        "fecVencimiento": "2019-03-23T05:00:00.000Z",
        "tipoComprobante": 3,
        "numSerieComprobante": 3,
        "numComprobante": 3,
        "tipoComprobanteReferencia": 3,
        "numSerieReferencia": 3,
        "numReferencia": 3,
        "fechaReferencia": "2019-03-13T05:00:00.000Z",
        "valorFacturadoExportacion": 3,
        "detalleIngreso": "dd",
        "tipMoneda": "dd",
        "aCreditoDias": 33,
        "tipoAfecto": "ddd",
        "idCliente": 1
    },
    {
        "idIngreso": 39,
        "numero": 3,
        "codSucursal": 1,
        "tipOperacion": 3,
        "codMes": 3,
        "codFuente": 3,
        "codPartida": "dd",
        "nombPartida": "dd",
        "horEmision": "00:00:00",
        "fecEmision": "2019-03-14T05:00:00.000Z",
        "fecVencimiento": "2019-03-23T05:00:00.000Z",
        "tipoComprobante": 3,
        "numSerieComprobante": 3,
        "numComprobante": 3,
        "tipoComprobanteReferencia": 3,
        "numSerieReferencia": 3,
        "numReferencia": 3,
        "fechaReferencia": "2019-03-13T05:00:00.000Z",
        "valorFacturadoExportacion": 3,
        "detalleIngreso": "dd",
        "tipMoneda": "dd",
        "aCreditoDias": 33,
        "tipoAfecto": "ddd",
        "idCliente": 1
    }
]