{
    "tipoComprobante": [
        
            {"Factura": 1},
            {"Boleta de venta": 3},
            {"Nota de Crédito": 7},
            {"Nota de Débito": 8}
    ],
    "tipoOperacion": [
            {"1":"VENTA NACIONAL"},
            {"2":"COMPRA NACIONAL"},
            {"3":"CONSIGNACIÓN RECIBIDA"},
            {"4":"CONSIGNACIÓN ENTREGADA"},
            {"5":"DEVOLUCIÓN RECIBIDA"},
            {"6":"DEVOLUCIÓN ENTREGADA"},
            {"7":"BONIFICACIÓN"},
            {"8":"PREMIO"},
            {"9":"DONACIÓN"},
            {"10":"SALIDA A PRODUCCIÓN"},
            {"11":"SALIDA POR TRANSFERENCIA ENTRE ALMACENES" },
            {"12":"RETIRO"},
            {"13":"MERMAS"},
            {"14":"DESMEDROS"},
            {"15":"DESTRUCCIÓN"},
            {"16":"SALDO INICIAL"},
            {"17":"EXPORTACIÓN"},
            {"18":"IMPORTACIÓN"},
            {"19":"ENTRADA DE PRODUCCIÓN"},
            {"20":"ENTRADA POR DEVOLUCIÓN DE PRODUCCIÓN"},
            {"21":"ENTRADA POR TRANSFERENCIA ENTRE ALMACENES"}, 
            {"22":"ENTRADA POR IDENTIFICACIÓN ERRONEA"},
            {"23":"SALIDA POR IDENTIFICACIÓN ERRONEA"},
            {"24":"ENTRADA POR DEVOLUCIÓN DEL CLIENTE"},
            {"25":"SALIDA POR DEVOLUCIÓN AL PROVEEDOR"},
            {"26":"ENTRADA PARA SERVICIO DE PRODUCCIÓN"},
            {"27":"SALIDA POR SERVICIO DE PRODUCCIÓN"},
            {"28":"AJUSTE POR DIFERENCIA DE INVENTARIO"},
            {"29":"ENTRADA DE BIENES EN PRÉSTAMO"},
            {"30":"SALIDA DE BIENES EN PRÉSTAMO"},
            {"31":"ENTRADA DE BIENES EN CUSTODIA"},
            {"32":"SALIDA DE BIENES EN CUSTODIA"},
            {"33":"MUESTRAS MÉDICAS"},
            {"34":"PUBLICIDAD"},
            {"35":"GASTOS DE REPRESENTACIÓN"},
            {"36":"RETIRO PARA ENTREGA A TRABAJADORES"},
            {"37":"RETIRO POR CONVENIO COLECTIVO"},
            {"38":"RETIRO POR SUSTITUCIÓN DE BIEN SINIESTRADO"},
            {"91":"OTROS 1"},
            {"92":"OTROS 2"},
            {"93":"OTROS 3"},
            {"94":"OTROS 4"},
            {"95":"OTROS 5"},
            {"96":"OTROS 6"},
            {"97":"OTROS 7"},
            {"98":"OTROS 8"},
            {"99":"OTROS"}
    ],

    
    "tipOperacion": [
        {"101":"Venta interna"},
        {"112":"Venta Interna - Sustenta Gastos Deducibles Persona Natural"},
        {"113":"Venta Interna-NRUS"}, 
        {"200":"Exportación de Bienes"},
        {"201":"Exportación de Servicios – Prestación servicios realizados íntegramente en el país"},
        {"202":"Exportación de Servicios – Prestación de servicios de hospedaje No Domiciliado"},         
        {"203":"Exportación de Servicios – Transporte de navieras"}, 
        {"204":"Exportación de Servicios – Servicios a naves y aeronaves de bandera extranjera"}, 
        {"205":"Exportación de Servicios - Servicios que conformen un Paquete Turístico"}, 
        {"206":"Exportación de Servicios – Servicios complementarios al transporte de carga"}, 
        {"207":"Exportación de Servicios – Suministro de energía eléctrica a favor de sujetos domiciliados en ZED"}, 
        {"208":"Exportación de Servicios – Prestación servicios realizados parcialmente en el extranjero"}, 
        {"301":"Operaciones con Carta de porte aéreo (emitidas en el ámbito nacional)"}, 
        {"302":"Operaciones de Transporte ferroviario de pasajeros"}, 
        {"303":"Operaciones de Pago de regalía petrolera"}, 
        {"401":"Ventas no domiciliados que no califican como exportación"}, 
        {"1001":"Operación Sujeta a Detracción"}, 
        {"1002":"Operación Sujeta a Detracción- Recursos Hidrobiológicos"}, 
        {"1003":"Operación Sujeta a Detracción- Servicios de Transporte Pasajeros"}, 
        {"1004":"Operación Sujeta a Detracción- Servicios de Transporte Carga"}, 
        {"2001":"Operación Sujeta a Percepción"}
    ]

}